assay,n_before,n_after,retention_rate
10x 3' v3,75461,69110,0.9158373199401015
10x 5' v2,7324,6608,0.9022392135445112
Smart-seq2,2448,2339,0.9554738562091504
